Item Name,Qty,Price (total) (USD) (Conversion from Euro),Item link,Notes
Seeed Studio Xiao ESP32C3,1,$9.31,https://mauser.pt/095-1308/seeed-113991054-microcontrolador-seeed-studio-xiao-esp32c3-c-wi-fi-bluetooth-5-0-e-carregamento-de-bateria,All items are from PT stores and have been converted from euro to dollar since I live in Portugal
2.25 Inch TFT Display,1,$10.59,https://pt.aliexpress.com/item/1005008945269187.html?spm=a2g0o.cart.0.0.195c7f06SAJBbE&mp=1&gatewayAdapt=glo2bra,The Actual Price is 4.4$+Taxes
MX Cherry Switches,4,$10.47,https://mauser.pt/010-1710/cherry-mx1a-e1nn-switch-cherry-mx-blue-p-teclado-mecanico-tatil-c-click-s-pinos-de-alinhamento,
Buzzer,1,$2.40,https://mauser.pt/096-9536/besouro-activo-4-7vdc-12x9-5mm-tmb12a05,
PCB,1,$11.04,JLC,
,,,,
,,,,
,,,,
,,,,
,,,,
,,,,
,,,,
,,,,
,,,,
,,,,
,,,,
,,,,
,,,,
,,,,
Total Price (USD):,$43.81,,,